{
    "BENIGN": {
        "precision": 0.9987356145960007,
        "recall": 0.999476140201001,
        "f1-score": 0.9991057401812689,
        "support": 124079.0
    },
    "Bot": {
        "precision": 0.879245283018868,
        "recall": 0.7766666666666666,
        "f1-score": 0.8247787610619469,
        "support": 600.0
    },
    "DDoS": {
        "precision": 1.0,
        "recall": 0.9994805194805195,
        "f1-score": 0.9997401922577293,
        "support": 38500.0
    },
    "PortScan": {
        "precision": 0.9999790070326441,
        "recall": 0.9999370237420493,
        "f1-score": 0.999958014946679,
        "support": 47637.0
    },
    "accuracy": 0.9989469489981785,
    "macro avg": {
        "precision": 0.9694899761618782,
        "recall": 0.9438900875225591,
        "f1-score": 0.955895677111906,
        "support": 210816.0
    },
    "weighted avg": {
        "precision": 0.998907404804581,
        "recall": 0.9989469489981785,
        "f1-score": 0.9989180410999468,
        "support": 210816.0
    }
}